CustomerID,Name,Email,Phone,Age
1,Amber Elliott,sandra19@example.net,001-434-575-4790,51
2,Olivia Cunningham,mhall@example.net,480-798-3234x8355,62
3,Benjamin Taylor II,nicolaspayne@example.net,858-341-6976x78210,45
4,Stephen Lewis,danny79@example.org,423.955.1868x96800,24
5,Robert Wright,zedwards@example.org,931-271-1896,51
7,Dr. Cassidy Perry,tamara04@example.com,(681)630-9382x506,66
8,Allen Andrews,alice24@example.com,(326)319-3559x698,23
9,Dennis Nelson,rhodesjames@example.com,+1-546-387-3097,49
10,George Stewart,gallowayryan@example.net,(681)976-6315x74628,57
11,David Davis,kathleen10@example.net,+1-746-889-6963x916,Unknown
12,Dawn Ferguson,haassteven@example.org,821.852.7030x26756,25
13,Christian Blake,james70@example.net,+1-234-917-3496x4219,20
14,Mr. Tyler Barnes DDS,cynthia43@example.org,+1-956-608-4147,39
15,Benjamin Ramsey,jasongalloway@example.com,(522)472-1061x888,36
16,Breanna Rosales,cindybailey@example.net,297.671.5886,20
17,Nicole Farrell,kyle45@example.net,+1-548-294-2433x394,47
18,Sara Stewart,jessica62@example.com,463-928-4758,41
19,Tracey Brown,maxwellstephen@example.com,+1-278-668-9684x76290,31
20,Kristin Bates,carrillovalerie@example.com,001-336-897-6459x17328,56
21,Stephanie Caldwell,ortiztammy@example.org,3959684512,55
22,Caitlyn Velez,antonioanderson@example.com,+1-976-519-2553x2328,55
23,James Fuller,dorothy31@example.com,809.991.7600x885,27
24,Theresa Haynes,jgrimes@example.com,+1-860-940-2313x47627,48
25,Sara Moore,brewersean@example.net,692.522.8215x2195,54
26,Kendra Moore,rdawson@example.com,776.824.6862x88762,69
27,Scott Griffith,emma23@example.net,370.455.5042x45327,30
28,Jennifer Rogers,lauren19@example.net,001-547-510-5167x483,30
29,Daniel White,rsalazar@example.org,444-518-8256x0484,46
30,Marcus Ramos,lcampbell@example.org,294.824.3225,31
31,Theresa Oliver,arthur04@example.org,+1-514-377-1591,29
32,Alexis Brown,maria50@example.com,735-562-5436x681,48
33,Steven Rodriguez,micheal80@example.com,+1-392-644-0821,51
34,Mr. Jeffery Boyd,ashleyelliott@example.com,+1-631-666-4512x4597,69
35,Nathan Murray,kimberly66@example.net,+1-924-768-4546x77252,34
36,Marcus Armstrong,weavercraig@example.org,427.991.5193,50
37,Tracey Huffman,amy94@example.org,980-832-9448x02161,62
38,David Baker,joyce83@example.net,815.833.3087,63
39,Megan Garrison,thomasjoyce@example.org,6043825341,42
40,Michael Walton,jasmine21@example.com,292-984-1086x552,57
41,Lisa Johnson,maxwellthomas@example.net,8854095283,58
42,Jessica Cannon,jamie25@example.org,(272)472-3459x113,50
43,Amy Bowers,preese@example.net,(483)765-1319x8082,31
44,Kimberly Anderson,ymatthews@example.org,001-714-365-7070x90728,34
45,Dennis Chandler,marc37@example.org,335.773.6493,22
46,Margaret Hanson,ojimenez@example.com,7885971862,28
47,Veronica Stafford,wilkinsonsharon@example.com,311.501.5016x5578,37
48,Lauren Jacobs,christophermacias@example.com,(806)702-7868,19
49,Megan Gilmore,sherryraymond@example.org,(792)546-5495x90833,40
50,Lance Stephenson,kaylawright@example.com,(954)546-4160,19
